driver,name,number
ALB,Alexander Albon,23
ALO,Fernando Alonso,14
ANT,Kimi Antonelli,12
ARO,Paul Aron,61
BEA,Oliver Bearman,87
BEG,Dino Beganovic,38
BOR,Gabriel Bortoleto,5
BOT,Valtteri Bottas,77
BRO,Luke Browning,46
COL,Franco Colapinto,43
CRA,Jak Crawford,34
FOR,Leonardo Fornaroli,67
GAS,Pierre Gasly,10
HAD,Isack Hadjar,6
HAM,Lewis Hamilton,44
HER,Colton Herta,25
HIR,Ryo Hirakawa,50
HUL,Nico Hulkenberg,27
IWA,Ayumu Iwasa,36
LAW,Liam Lawson,30
LEC,Charles Leclerc,16
LIN,Arvid Lindblad,41
NOR,Lando Norris,1
OCO,Esteban Ocon,31
PER,Sergio Perez,11
PIA,Oscar Piastri,81
RUS,George Russell,63
SAI,Carlos Sainz,55
STR,Lance Stroll,18
TSU,Yuki Tsunoda,22
VER,Max Verstappen,3
VES,Frederik Vesti,72
