round,name,location,country,format,sessions
1,Australian Grand Prix,Melbourne,Australia,conventional,"[{""name"": ""Practice 1"", ""start_utc"": ""2026-03-06T01:30:00Z""}, {""name"": ""Practice 2"", ""start_utc"": ""2026-03-06T05:00:00Z""}, {""name"": ""Practice 3"", ""start_utc"": ""2026-03-07T01:30:00Z""}, {""name"": ""Qualifying"", ""start_utc"": ""2026-03-07T05:00:00Z""}, {""name"": ""Race"", ""start_utc"": ""2026-03-08T04:00:00Z""}]"
2,Chinese Grand Prix,Shanghai,China,sprint,"[{""name"": ""Practice 1"", ""start_utc"": ""2026-03-13T03:30:00Z""}, {""name"": ""Sprint Qualifying"", ""start_utc"": ""2026-03-13T07:30:00Z""}, {""name"": ""Sprint"", ""start_utc"": ""2026-03-14T03:00:00Z""}, {""name"": ""Qualifying"", ""start_utc"": ""2026-03-14T07:00:00Z""}, {""name"": ""Race"", ""start_utc"": ""2026-03-15T07:00:00Z""}]"
3,Japanese Grand Prix,Suzuka,Japan,conventional,"[{""name"": ""Practice 1"", ""start_utc"": ""2026-03-27T02:30:00Z""}, {""name"": ""Practice 2"", ""start_utc"": ""2026-03-27T06:00:00Z""}, {""name"": ""Practice 3"", ""start_utc"": ""2026-03-28T02:30:00Z""}, {""name"": ""Qualifying"", ""start_utc"": ""2026-03-28T06:00:00Z""}, {""name"": ""Race"", ""start_utc"": ""2026-03-29T05:00:00Z""}]"
4,Miami Grand Prix,Miami Gardens,United States,sprint,"[{""name"": ""Practice 1"", ""start_utc"": ""2026-05-01T16:00:00Z""}, {""name"": ""Sprint Qualifying"", ""start_utc"": ""2026-05-01T20:30:00Z""}, {""name"": ""Sprint"", ""start_utc"": ""2026-05-02T16:00:00Z""}, {""name"": ""Qualifying"", ""start_utc"": ""2026-05-02T20:00:00Z""}, {""name"": ""Race"", ""start_utc"": ""2026-05-03T17:00:00Z""}]"
5,Canadian Grand Prix,Montréal,Canada,sprint,"[{""name"": ""Practice 1"", ""start_utc"": ""2026-05-22T16:30:00Z""}, {""name"": ""Sprint Qualifying"", ""start_utc"": ""2026-05-22T20:30:00Z""}, {""name"": ""Sprint"", ""start_utc"": ""2026-05-23T16:00:00Z""}, {""name"": ""Qualifying"", ""start_utc"": ""2026-05-23T20:00:00Z""}, {""name"": ""Race"", ""start_utc"": ""2026-05-24T20:00:00Z""}]"
6,Monaco Grand Prix,Monte Carlo,Monaco,conventional,"[{""name"": ""Practice 1"", ""start_utc"": ""2026-06-05T11:30:00Z""}, {""name"": ""Practice 2"", ""start_utc"": ""2026-06-05T15:00:00Z""}, {""name"": ""Practice 3"", ""start_utc"": ""2026-06-06T10:30:00Z""}, {""name"": ""Qualifying"", ""start_utc"": ""2026-06-06T14:00:00Z""}, {""name"": ""Race"", ""start_utc"": ""2026-06-07T13:00:00Z""}]"
7,Barcelona Grand Prix,Barcelona,Spain,conventional,"[{""name"": ""Practice 1"", ""start_utc"": ""2026-06-12T11:30:00Z""}, {""name"": ""Practice 2"", ""start_utc"": ""2026-06-12T15:00:00Z""}, {""name"": ""Practice 3"", ""start_utc"": ""2026-06-13T10:30:00Z""}, {""name"": ""Qualifying"", ""start_utc"": ""2026-06-13T14:00:00Z""}, {""name"": ""Race"", ""start_utc"": ""2026-06-14T13:00:00Z""}]"
8,Austrian Grand Prix,Spielberg,Austria,conventional,"[{""name"": ""Practice 1"", ""start_utc"": ""2026-06-26T11:30:00Z""}, {""name"": ""Practice 2"", ""start_utc"": ""2026-06-26T15:00:00Z""}, {""name"": ""Practice 3"", ""start_utc"": ""2026-06-27T10:30:00Z""}, {""name"": ""Qualifying"", ""start_utc"": ""2026-06-27T14:00:00Z""}, {""name"": ""Race"", ""start_utc"": ""2026-06-28T13:00:00Z""}]"
9,British Grand Prix,Silverstone,United Kingdom,sprint,"[{""name"": ""Practice 1"", ""start_utc"": ""2026-07-03T11:30:00Z""}, {""name"": ""Sprint Qualifying"", ""start_utc"": ""2026-07-03T15:30:00Z""}, {""name"": ""Sprint"", ""start_utc"": ""2026-07-04T11:00:00Z""}, {""name"": ""Qualifying"", ""start_utc"": ""2026-07-04T15:00:00Z""}, {""name"": ""Race"", ""start_utc"": ""2026-07-05T14:00:00Z""}]"
10,Belgian Grand Prix,Spa-Francorchamps,Belgium,conventional,"[{""name"": ""Practice 1"", ""start_utc"": ""2026-07-17T11:30:00Z""}, {""name"": ""Practice 2"", ""start_utc"": ""2026-07-17T15:00:00Z""}, {""name"": ""Practice 3"", ""start_utc"": ""2026-07-18T10:30:00Z""}, {""name"": ""Qualifying"", ""start_utc"": ""2026-07-18T14:00:00Z""}, {""name"": ""Race"", ""start_utc"": ""2026-07-19T13:00:00Z""}]"
11,Hungarian Grand Prix,Budapest,Hungary,conventional,"[{""name"": ""Practice 1"", ""start_utc"": ""2026-07-24T11:30:00Z""}, {""name"": ""Practice 2"", ""start_utc"": ""2026-07-24T15:00:00Z""}, {""name"": ""Practice 3"", ""start_utc"": ""2026-07-25T10:30:00Z""}, {""name"": ""Qualifying"", ""start_utc"": ""2026-07-25T14:00:00Z""}, {""name"": ""Race"", ""start_utc"": ""2026-07-26T13:00:00Z""}]"
12,Dutch Grand Prix,Zandvoort,Netherlands,sprint,"[{""name"": ""Practice 1"", ""start_utc"": ""2026-08-21T10:30:00Z""}, {""name"": ""Sprint Qualifying"", ""start_utc"": ""2026-08-21T14:30:00Z""}, {""name"": ""Sprint"", ""start_utc"": ""2026-08-22T10:00:00Z""}, {""name"": ""Qualifying"", ""start_utc"": ""2026-08-22T14:00:00Z""}, {""name"": ""Race"", ""start_utc"": ""2026-08-23T13:00:00Z""}]"
13,Italian Grand Prix,Monza,Italy,conventional,"[{""name"": ""Practice 1"", ""start_utc"": ""2026-09-04T10:30:00Z""}, {""name"": ""Practice 2"", ""start_utc"": ""2026-09-04T14:00:00Z""}, {""name"": ""Practice 3"", ""start_utc"": ""2026-09-05T10:30:00Z""}, {""name"": ""Qualifying"", ""start_utc"": ""2026-09-05T14:00:00Z""}, {""name"": ""Race"", ""start_utc"": ""2026-09-06T13:00:00Z""}]"
14,Spanish Grand Prix,Madrid,Spain,conventional,"[{""name"": ""Practice 1"", ""start_utc"": ""2026-09-11T11:30:00Z""}, {""name"": ""Practice 2"", ""start_utc"": ""2026-09-11T15:00:00Z""}, {""name"": ""Practice 3"", ""start_utc"": ""2026-09-12T10:30:00Z""}, {""name"": ""Qualifying"", ""start_utc"": ""2026-09-12T14:00:00Z""}, {""name"": ""Race"", ""start_utc"": ""2026-09-13T13:00:00Z""}]"
15,Azerbaijan Grand Prix,Baku,Azerbaijan,conventional,"[{""name"": ""Practice 1"", ""start_utc"": ""2026-09-24T08:30:00Z""}, {""name"": ""Practice 2"", ""start_utc"": ""2026-09-24T12:00:00Z""}, {""name"": ""Practice 3"", ""start_utc"": ""2026-09-25T08:30:00Z""}, {""name"": ""Qualifying"", ""start_utc"": ""2026-09-25T12:00:00Z""}, {""name"": ""Race"", ""start_utc"": ""2026-09-26T11:00:00Z""}]"
16,Bahrain Grand Prix,Kuala Lumpur,Bahrain,conventional,"[{""name"": ""Practice 1"", ""start_utc"": ""2026-10-02T04:30:00Z""}, {""name"": ""Practice 2"", ""start_utc"": ""2026-10-02T08:00:00Z""}, {""name"": ""Practice 3"", ""start_utc"": ""2026-10-03T04:30:00Z""}, {""name"": ""Qualifying"", ""start_utc"": ""2026-10-03T08:00:00Z""}, {""name"": ""Race"", ""start_utc"": ""2026-10-04T07:00:00Z""}]"
17,Singapore Grand Prix,Marina Bay,Singapore,sprint,"[{""name"": ""Practice 1"", ""start_utc"": ""2026-10-09T08:30:00Z""}, {""name"": ""Sprint Qualifying"", ""start_utc"": ""2026-10-09T12:30:00Z""}, {""name"": ""Sprint"", ""start_utc"": ""2026-10-10T09:00:00Z""}, {""name"": ""Qualifying"", ""start_utc"": ""2026-10-10T13:00:00Z""}, {""name"": ""Race"", ""start_utc"": ""2026-10-11T12:00:00Z""}]"
18,United States Grand Prix,Austin,United States,conventional,"[{""name"": ""Practice 1"", ""start_utc"": ""2026-10-23T17:30:00Z""}, {""name"": ""Practice 2"", ""start_utc"": ""2026-10-23T21:00:00Z""}, {""name"": ""Practice 3"", ""start_utc"": ""2026-10-24T17:30:00Z""}, {""name"": ""Qualifying"", ""start_utc"": ""2026-10-24T21:00:00Z""}, {""name"": ""Race"", ""start_utc"": ""2026-10-25T20:00:00Z""}]"
19,Mexico City Grand Prix,Mexico City,Mexico,conventional,"[{""name"": ""Practice 1"", ""start_utc"": ""2026-10-30T18:30:00Z""}, {""name"": ""Practice 2"", ""start_utc"": ""2026-10-30T22:00:00Z""}, {""name"": ""Practice 3"", ""start_utc"": ""2026-10-31T17:30:00Z""}, {""name"": ""Qualifying"", ""start_utc"": ""2026-10-31T21:00:00Z""}, {""name"": ""Race"", ""start_utc"": ""2026-11-01T20:00:00Z""}]"
20,São Paulo Grand Prix,São Paulo,Brazil,conventional,"[{""name"": ""Practice 1"", ""start_utc"": ""2026-11-06T15:30:00Z""}, {""name"": ""Practice 2"", ""start_utc"": ""2026-11-06T19:00:00Z""}, {""name"": ""Practice 3"", ""start_utc"": ""2026-11-07T14:30:00Z""}, {""name"": ""Qualifying"", ""start_utc"": ""2026-11-07T18:00:00Z""}, {""name"": ""Race"", ""start_utc"": ""2026-11-08T17:00:00Z""}]"
21,Las Vegas Grand Prix,Las Vegas,United States,conventional,"[{""name"": ""Practice 1"", ""start_utc"": ""2026-11-20T00:30:00Z""}, {""name"": ""Practice 2"", ""start_utc"": ""2026-11-20T04:00:00Z""}, {""name"": ""Practice 3"", ""start_utc"": ""2026-11-21T00:30:00Z""}, {""name"": ""Qualifying"", ""start_utc"": ""2026-11-21T04:00:00Z""}, {""name"": ""Race"", ""start_utc"": ""2026-11-22T04:00:00Z""}]"
22,Qatar Grand Prix,Lusail,Qatar,conventional,"[{""name"": ""Practice 1"", ""start_utc"": ""2026-11-27T13:30:00Z""}, {""name"": ""Practice 2"", ""start_utc"": ""2026-11-27T17:00:00Z""}, {""name"": ""Practice 3"", ""start_utc"": ""2026-11-28T14:30:00Z""}, {""name"": ""Qualifying"", ""start_utc"": ""2026-11-28T18:00:00Z""}, {""name"": ""Race"", ""start_utc"": ""2026-11-29T16:00:00Z""}]"
23,Abu Dhabi Grand Prix,Yas Marina,United Arab Emirates,conventional,"[{""name"": ""Practice 1"", ""start_utc"": ""2026-12-04T09:30:00Z""}, {""name"": ""Practice 2"", ""start_utc"": ""2026-12-04T13:00:00Z""}, {""name"": ""Practice 3"", ""start_utc"": ""2026-12-05T10:30:00Z""}, {""name"": ""Qualifying"", ""start_utc"": ""2026-12-05T14:00:00Z""}, {""name"": ""Race"", ""start_utc"": ""2026-12-06T13:00:00Z""}]"
