year,round,driver,grid,penalty,source
2026,15,RUS,1,,the-race.com + crash.net starting grid (2026-09-25)
2026,15,LEC,2,,the-race.com + crash.net starting grid (2026-09-25)
2026,15,PIA,3,,the-race.com + crash.net starting grid (2026-09-25)
2026,15,HAD,4,,the-race.com + crash.net starting grid (2026-09-25)
2026,15,NOR,5,,the-race.com + crash.net starting grid (2026-09-25)
2026,15,HAM,6,,the-race.com + crash.net starting grid (2026-09-25)
2026,15,GAS,7,,the-race.com + crash.net starting grid (2026-09-25)
2026,15,VER,8,,the-race.com + crash.net starting grid (2026-09-25)
2026,15,COL,9,,the-race.com + crash.net starting grid (2026-09-25)
2026,15,BEA,10,,the-race.com + crash.net starting grid (2026-09-25)
2026,15,LAW,11,,the-race.com + crash.net starting grid (2026-09-25)
2026,15,ALB,12,,the-race.com + crash.net starting grid (2026-09-25)
2026,15,OCO,13,,the-race.com + crash.net starting grid (2026-09-25)
2026,15,SAI,14,5-place drop: yellow-flag infringement,the-race.com + crash.net starting grid (2026-09-25)
2026,15,LIN,15,,the-race.com + crash.net starting grid (2026-09-25)
2026,15,ANT,16,,the-race.com + crash.net starting grid (2026-09-25)
2026,15,BOR,17,,the-race.com + crash.net starting grid (2026-09-25)
2026,15,HUL,18,,the-race.com + crash.net starting grid (2026-09-25)
2026,15,BOT,19,,the-race.com + crash.net starting grid (2026-09-25)
2026,15,PER,20,3-place drop: impeding,the-race.com + crash.net starting grid (2026-09-25)
2026,15,ALO,21,back of grid: power-unit components,the-race.com + crash.net starting grid (2026-09-25)
2026,15,STR,22,back of grid: power-unit components,the-race.com + crash.net starting grid (2026-09-25)
